City_ID,City,Lat,Lng,Max Temp,Humidity,Cloudiness,Wind Speed,Country,Date
0,mora,11.0461,14.1401,23.02,22,21,1.65,CM,2025-01-13
1,metlili chaamba,32.2667,3.6333,9.52,46,40,3.6,DZ,2025-01-13
2,hassi messaoud,31.6804,6.0729,9.92,43,1,1.03,DZ,2025-01-13
3,ust-nera,64.5667,143.2,-34.22,94,99,0.96,RU,2025-01-13
4,port mathurin,-19.6833,63.4167,26.1,79,6,7.65,MU,2025-01-13
5,richards bay,-28.783,32.0377,22.75,89,96,1.79,ZA,2025-01-13
6,port-aux-francais,-49.35,70.2167,5.08,80,70,20.28,TF,2025-01-13
7,ribeira grande,38.5167,-28.7,19.22,88,75,10.28,PT,2025-01-13
8,atafu village,-8.5421,-172.5159,25.42,93,100,8.49,TK,2025-01-13
9,edinburgh of the seven seas,-37.0676,-12.3116,15.74,94,100,7.91,SH,2025-01-13
10,qaqortoq,60.7167,-46.0333,-15.1,97,72,1.38,GL,2025-01-13
11,puerto ayora,-0.7393,-90.3518,23.08,100,99,1.34,EC,2025-01-13
12,iqaluit,63.7506,-68.5145,-29.15,76,20,0.0,CA,2025-01-13
13,wlodawa,51.55,23.55,-3.35,91,11,2.33,PL,2025-01-13
14,waitangi,-43.9535,-176.5597,12.68,99,100,3.13,NZ,2025-01-13
15,enewetak,11.3474,162.3373,26.82,73,99,10.26,MH,2025-01-13
16,baruun-urt,46.6806,113.2792,-17.85,67,10,6.57,MN,2025-01-13
17,petropavlovsk-kamchatsky,53.0452,158.6483,-17.67,60,0,5.0,RU,2025-01-13
18,adamstown,-25.066,-130.1015,24.31,88,100,8.67,PN,2025-01-13
19,ebaye,8.7748,167.7392,27.01,74,40,7.2,MH,2025-01-13
20,kavaratti,10.5669,72.642,27.68,75,72,4.66,IN,2025-01-13
21,ushuaia,-54.8,-68.3,12.81,50,75,2.57,AR,2025-01-13
22,avarua,-21.2078,-159.775,26.03,73,75,1.03,CK,2025-01-13
23,road town,18.4167,-64.6167,28.02,61,75,2.57,VG,2025-01-13
24,uturoa,-16.7333,-151.4333,28.03,74,28,11.74,PF,2025-01-13
25,ataq,14.5377,46.8319,18.32,47,0,2.24,YE,2025-01-13
26,albany,42.6001,-73.9662,2.54,72,100,0.89,US,2025-01-13
27,bredasdorp,-34.5322,20.0403,19.98,77,99,2.44,ZA,2025-01-13
28,mersa matruh,31.3525,27.2453,14.11,62,0,0.0,EG,2025-01-13
29,saudarkrokur,65.7461,-19.6394,4.07,85,100,6.3,IS,2025-01-13
30,ilulissat,69.2167,-51.1,-33.15,94,66,2.78,GL,2025-01-13
31,jisr ash shughur,35.8143,36.3206,10.58,74,11,0.93,SY,2025-01-13
32,anadyr,64.75,177.4833,-21.67,76,40,11.0,RU,2025-01-13
33,iskateley,67.6803,53.1512,-10.09,93,90,6.64,RU,2025-01-13
34,nieuw amsterdam,5.8833,-55.0833,28.06,65,31,5.25,SR,2025-01-13
35,kokpekty,48.75,82.4,-21.61,100,100,1.63,KZ,2025-01-13
36,nedelino,41.45,25.0833,-2.24,94,100,5.77,BG,2025-01-13
37,grytviken,-54.2811,-36.5092,8.33,72,100,8.78,GS,2025-01-13
38,port lincoln,-34.7333,135.8667,17.67,94,21,3.13,AU,2025-01-13
39,prestice,49.573,13.3335,-2.34,85,75,0.51,CZ,2025-01-13
40,puerto armuelles,8.2833,-82.8667,26.72,76,100,0.45,PA,2025-01-13
41,susuman,62.7833,148.1667,-44.54,99,88,0.37,RU,2025-01-13
42,aban,56.67,96.06,-9.71,84,100,5.53,RU,2025-01-13
43,invercargill,-46.4,168.35,11.12,93,96,1.34,NZ,2025-01-13
44,mulgund,15.25,75.5333,23.69,61,98,4.76,IN,2025-01-13
45,college,64.8569,-147.8028,-3.03,80,75,2.06,US,2025-01-13
46,east london,-33.0153,27.9116,20.93,87,4,7.37,ZA,2025-01-13
47,tolanaro,-25.0319,46.9987,27.04,89,20,10.8,MG,2025-01-13
48,isafjordur,66.0755,-23.124,0.34,94,100,4.14,IS,2025-01-13
49,visby,57.6409,18.296,2.12,93,100,10.29,SE,2025-01-13
50,west island,-12.1568,96.8225,25.99,78,75,3.09,CC,2025-01-13
51,chambas,22.1928,-78.9136,30.49,42,0,2.94,CU,2025-01-13
52,vorkuta,67.5,64.0,-13.44,94,100,8.82,RU,2025-01-13
53,kitahiroshima,42.9758,141.5672,-3.86,71,90,1.02,JP,2025-01-13
54,old harbour,17.9414,-77.109,32.62,53,0,3.48,JM,2025-01-13
55,whakatane,-37.9585,176.9854,15.28,86,0,1.79,NZ,2025-01-13
56,bataipora,-22.2953,-53.2711,36.68,22,92,0.9,BR,2025-01-13
57,kruisfontein,-34.0033,24.7314,19.41,77,0,3.08,ZA,2025-01-13
58,udachny,66.4167,112.4,-30.32,96,100,3.46,RU,2025-01-13
59,bethel,41.3712,-73.414,4.45,62,100,2.57,US,2025-01-13
60,manay,7.215,126.5397,23.47,85,56,3.6,PH,2025-01-13
61,puerto natales,-51.7236,-72.4875,16.25,39,75,10.29,CL,2025-01-13
62,olonkinbyen,70.9221,-8.7187,-3.31,86,99,6.06,SJ,2025-01-13
63,coahuayana de hidalgo,18.7,-103.6583,29.49,54,61,3.07,MX,2025-01-13
64,tapa,59.2606,25.9586,-1.04,93,100,5.88,EE,2025-01-13
65,cabo san lucas,22.8909,-109.9124,22.09,43,0,4.63,MX,2025-01-13
66,pandan,14.0453,124.1694,25.06,90,94,8.57,PH,2025-01-13
67,bireun,5.203,96.7009,24.23,90,100,2.12,ID,2025-01-13
68,georgetown,5.4112,100.3354,26.96,72,20,3.09,MY,2025-01-13
69,jayapura,-2.5333,140.7,24.66,90,99,1.15,ID,2025-01-13
70,as pontes de garcia rodriguez,43.4527,-7.8518,6.29,88,100,0.96,ES,2025-01-13
71,zaghouan,36.4029,10.1429,8.76,82,95,4.2,TN,2025-01-13
72,blackmans bay,-43.0167,147.3167,14.29,93,100,3.02,AU,2025-01-13
73,port elizabeth,-33.918,25.5701,22.16,93,0,5.14,ZA,2025-01-13
74,saint joseph,39.7686,-94.8466,-5.97,58,0,3.09,US,2025-01-13
75,bilibino,68.0546,166.4372,-25.73,99,100,0.89,RU,2025-01-13
76,binhe,32.6883,112.8275,7.55,48,100,0.06,CN,2025-01-13
77,stornoway,58.2093,-6.3865,10.61,86,40,7.2,GB,2025-01-13
78,westport,41.1415,-73.3579,5.15,60,100,4.63,US,2025-01-13
79,klyuchi,52.2667,79.1667,-12.21,91,14,4.14,RU,2025-01-13
80,ribeira brava,32.65,-17.0667,18.35,81,0,1.63,PT,2025-01-13
81,punta arenas,-53.15,-70.9167,15.06,47,0,12.35,CL,2025-01-13
82,cherlak,54.155,74.8055,-14.31,86,92,3.16,RU,2025-01-13
83,summit park,40.7458,-111.6116,-5.03,74,92,4.02,US,2025-01-13
84,aswan,24.0934,32.907,19.61,34,0,3.09,EG,2025-01-13
85,whitehorse,60.7161,-135.0538,1.43,64,75,5.14,CA,2025-01-13
86,rongelap,11.1635,166.8941,26.84,78,100,10.79,MH,2025-01-13
87,dali,25.7,100.1833,5.81,81,0,1.91,CN,2025-01-13
88,khandyga,62.6667,135.6,-25.52,100,100,0.7,RU,2025-01-13
89,utrik,11.2278,169.8474,26.4,79,44,10.97,MH,2025-01-13
90,tiksi,71.6872,128.8694,-38.54,100,93,2.18,RU,2025-01-13
91,flying fish cove,-10.4217,105.6791,23.82,94,66,2.06,CX,2025-01-13
92,mtambile,-5.3833,39.7,27.0,80,77,8.84,TZ,2025-01-13
93,aoulef,26.9667,1.0833,15.18,21,0,7.58,DZ,2025-01-13
94,nchelenge,-9.3451,28.734,23.26,78,100,1.54,ZM,2025-01-13
95,bardai,11.65,7.2333,22.16,19,96,4.24,NG,2025-01-13
96,thompson,55.7435,-97.8558,-18.91,78,75,2.57,CA,2025-01-13
97,liwale,-9.7667,37.9333,22.35,97,100,1.6,TZ,2025-01-13
98,hirara,24.8,125.2833,15.15,67,75,2.06,JP,2025-01-13
99,riberalta,-10.9833,-66.1,29.11,79,75,6.17,BO,2025-01-13
100,hami,42.8,93.45,-6.2,62,0,1.37,CN,2025-01-13
101,margaret river,-33.95,115.0667,16.62,76,83,7.29,AU,2025-01-13
102,stanley,54.868,-1.6985,8.01,84,20,8.23,GB,2025-01-13
103,medicine hat,50.0501,-110.6683,-2.05,74,75,6.17,CA,2025-01-13
104,sandnessjoen,66.0217,12.6316,5.23,93,75,9.77,NO,2025-01-13
105,marina di massa,44.0095,10.1019,7.84,45,24,3.85,IT,2025-01-13
106,papatowai,-46.5619,169.4708,11.58,89,100,3.4,NZ,2025-01-13
107,djenne,13.9061,-4.5533,26.54,12,49,2.66,ML,2025-01-13
108,kapuskasing,49.4169,-82.4331,-6.95,93,75,4.12,CA,2025-01-13
109,island harbour,50.724,-1.2758,5.04,83,100,1.79,GB,2025-01-13
110,nizhneudinsk,54.9076,99.0276,-12.75,80,100,1.78,RU,2025-01-13
111,zag,46.9441,99.165,-32.08,88,5,1.69,MN,2025-01-13
112,daru,-9.0763,143.2092,25.8,87,100,2.37,PG,2025-01-13
113,fort bragg,35.139,-79.006,11.57,41,75,2.06,US,2025-01-13
114,afaahiti,-17.75,-149.2833,26.6,80,82,11.91,PF,2025-01-13
115,bull savanna,17.8868,-77.5902,25.22,68,65,4.65,JM,2025-01-13
116,bel ombre,-4.6167,55.4167,26.54,71,48,1.12,SC,2025-01-13
117,onega,63.9061,38.1404,-4.45,83,100,5.93,RU,2025-01-13
118,qionghai,19.2425,110.4642,18.46,98,100,1.36,CN,2025-01-13
119,hawaiian paradise park,19.5933,-154.9731,22.72,98,100,1.54,US,2025-01-13
120,weno,7.4515,151.8468,27.97,83,40,4.12,FM,2025-01-13
121,longyearbyen,78.2186,15.6401,-12.09,72,75,3.09,SJ,2025-01-13
122,atamyrat,37.8357,65.2106,7.69,42,13,2.67,TM,2025-01-13
123,vilyuchinsk,52.9306,158.4028,-16.85,88,4,4.14,RU,2025-01-13
124,basco,20.4487,121.9702,21.94,73,100,11.39,PH,2025-01-13
125,kill devil hills,36.0307,-75.676,9.43,52,0,3.09,US,2025-01-13
126,saguenay,48.4168,-71.0657,-6.07,75,100,2.57,CA,2025-01-13
127,sao jose da coroa grande,-8.8978,-35.1478,26.97,78,96,5.63,BR,2025-01-13
128,talnakh,69.4865,88.3972,-20.39,96,100,4.75,RU,2025-01-13
129,buka,40.8108,69.1986,2.89,44,0,0.28,UZ,2025-01-13
130,vernon,50.2581,-119.2691,-0.26,86,93,0.0,CA,2025-01-13
131,williston,48.147,-103.618,-15.54,80,100,3.21,US,2025-01-13
132,rosario del tala,-32.3029,-59.1455,36.0,15,2,3.56,AR,2025-01-13
133,sijunjung,-0.6876,100.9537,22.55,99,100,0.33,ID,2025-01-13
134,usogorsk,63.4106,48.6872,-18.52,100,88,2.0,RU,2025-01-13
135,hermanus,-34.4187,19.2345,21.56,83,99,4.74,ZA,2025-01-13
136,torres,-29.3353,-49.7269,24.19,63,22,4.32,BR,2025-01-13
137,lasem,-6.6922,111.4527,25.42,89,100,1.89,ID,2025-01-13
138,banikoara,11.2985,2.4386,26.64,14,55,2.06,BJ,2025-01-13
139,korenovsk,45.4686,39.4519,0.15,100,100,2.86,RU,2025-01-13
140,kurumkan,54.3,110.3,-23.34,92,100,1.85,RU,2025-01-13
141,mount gambier,-37.8333,140.7667,13.67,96,13,2.33,AU,2025-01-13
142,keflavik,64.0049,-22.5624,5.24,100,75,8.23,IS,2025-01-13
143,jamestown,42.097,-79.2353,-3.32,75,100,4.63,US,2025-01-13
144,yelizovo,53.1873,158.3805,-16.92,60,0,5.0,RU,2025-01-13
145,beaufort west,-32.3567,22.583,26.19,24,0,2.52,ZA,2025-01-13
146,acarau,-2.8856,-40.12,28.14,69,100,5.47,BR,2025-01-13
147,broome,42.2506,-75.833,3.14,55,0,6.17,US,2025-01-13
148,colares,38.7992,-9.4469,11.88,56,0,3.09,PT,2025-01-13
149,kantunilkin,21.0917,-87.45,28.13,72,100,1.92,MX,2025-01-13
150,samarinda,-0.5,117.15,22.78,99,98,0.72,ID,2025-01-13
151,constantia,44.1833,28.65,0.39,70,100,8.23,RO,2025-01-13
152,labytnangi,66.6572,66.4183,-16.03,89,9,5.08,RU,2025-01-13
153,margate,51.3813,1.3862,3.16,87,100,5.12,GB,2025-01-13
154,ancud,-41.8697,-73.8203,14.92,52,75,5.46,CL,2025-01-13
155,emmett,43.8735,-116.4993,3.65,50,91,1.74,US,2025-01-13
156,saint-denis,48.9167,2.3333,1.19,77,0,4.12,FR,2025-01-13
157,colonia,50.9333,6.95,-1.13,83,0,4.12,DE,2025-01-13
158,buala,-8.145,159.5921,26.51,83,50,1.76,SB,2025-01-13
159,tsiombe,-25.3,45.4833,25.05,93,9,2.2,MG,2025-01-13
160,port alfred,-33.5906,26.891,21.21,84,8,1.79,ZA,2025-01-13
161,bay harbor,30.1471,-85.6146,9.04,95,100,4.12,US,2025-01-13
162,lihue,21.9789,-159.3672,24.77,73,100,5.66,US,2025-01-13
163,newman,37.3138,-121.0208,12.8,45,0,4.02,US,2025-01-13
164,choma,-16.8065,26.9531,20.96,77,100,0.62,ZM,2025-01-13
165,fethiye,36.6217,29.1164,14.25,84,100,1.69,TR,2025-01-13
166,lompoc,34.6391,-120.4579,17.4,44,0,1.54,US,2025-01-13
167,redencao,-4.2258,-38.7306,26.52,80,98,1.75,BR,2025-01-13
168,faruka,31.8872,72.4144,10.86,27,57,2.12,PK,2025-01-13
169,nuuk,64.1835,-51.7216,-13.66,66,20,8.75,GL,2025-01-13
170,ponta delgada,37.7333,-25.6667,18.44,88,75,6.17,PT,2025-01-13
171,pirallahi,40.4723,50.333,3.08,83,0,4.61,AZ,2025-01-13
172,tambacounda,13.7539,-13.7586,32.03,33,0,2.06,SN,2025-01-13
173,likasi,-10.9814,26.7333,18.71,92,100,0.71,CD,2025-01-13
174,santiago del torno,-17.9833,-63.3833,31.42,46,86,1.34,BO,2025-01-13
175,hithadhoo,-0.6,73.0833,27.63,76,99,5.21,MV,2025-01-13
176,chegdomyn,51.1167,133.0167,-22.01,99,100,0.34,RU,2025-01-13
177,esperanza,19.5847,-70.9849,29.05,67,8,1.79,DO,2025-01-13
178,bedele,8.456,36.353,17.06,51,96,2.0,ET,2025-01-13
179,lebu,-37.6167,-73.65,16.17,67,97,7.99,CL,2025-01-13
180,nema,57.5067,50.5011,-6.69,98,100,1.63,RU,2025-01-13
181,fisterra,42.9049,-9.2629,12.56,47,74,2.07,ES,2025-01-13
182,woolgoolga,-30.1106,153.2007,18.93,90,67,1.53,AU,2025-01-13
183,quang ngai,15.1167,108.8,18.41,83,100,1.72,VN,2025-01-13
184,saint-philippe,-21.3585,55.7679,26.45,75,10,3.57,RE,2025-01-13
185,suining,30.508,105.5733,8.96,82,100,3.35,CN,2025-01-13
186,yellowknife,62.456,-114.3525,-12.55,98,75,2.57,CA,2025-01-13
187,al ghayzah,16.2079,52.176,21.64,60,0,0.98,YE,2025-01-13
188,poltavka,54.3663,71.7632,-14.54,86,94,3.26,RU,2025-01-13
189,machico,32.7,-16.7667,18.35,68,20,8.23,PT,2025-01-13
190,portland,45.5234,-122.6762,3.78,96,100,1.34,US,2025-01-13
191,barentu,15.1139,37.5928,21.64,50,2,3.3,ER,2025-01-13
192,hanceville,34.0607,-86.7675,12.31,72,50,4.02,US,2025-01-13
193,la'ie,21.6477,-157.9253,25.06,77,31,2.68,US,2025-01-13
194,olinda,-8.0089,-34.8553,28.85,84,75,3.6,BR,2025-01-13
195,san patricio,28.017,-97.5169,15.97,45,8,5.5,US,2025-01-13
196,kidal,18.4411,1.4078,22.17,12,86,3.22,ML,2025-01-13
197,ola,59.5833,151.2833,-26.47,84,13,3.05,RU,2025-01-13
198,badger,64.8,-147.5333,0.95,75,75,2.06,US,2025-01-13
199,tazovsky,67.4667,78.7,-15.46,95,100,2.47,RU,2025-01-13
200,berezovyy,51.6667,135.7,-22.84,99,100,0.79,RU,2025-01-13
201,kailua-kona,19.6406,-155.9956,26.82,66,100,1.54,US,2025-01-13
202,betafo,-19.8333,46.85,18.41,96,100,1.08,MG,2025-01-13
203,banda aceh,5.5577,95.3222,24.81,88,74,2.85,ID,2025-01-13
204,bathsheba,13.2167,-59.5167,29.34,65,40,7.2,BB,2025-01-13
205,grand falls-windsor,48.9332,-55.6649,-1.39,88,100,0.89,CA,2025-01-13
206,pachino,36.7186,15.0907,11.97,87,100,11.12,IT,2025-01-13
207,goure,13.9835,10.2704,19.86,14,8,3.64,NE,2025-01-13
208,araguaina,-7.1911,-48.2072,25.3,90,100,1.64,BR,2025-01-13
209,carnarvon,-24.8667,113.6333,24.71,73,3,9.63,AU,2025-01-13
210,nishinoomote,30.7333,131.0,12.48,66,43,6.93,JP,2025-01-13
211,saint-louis,16.3333,-15.0,26.94,12,0,4.28,SN,2025-01-13
212,zeya,53.75,127.2667,-27.08,96,100,1.41,RU,2025-01-13
213,tura,25.5198,90.2201,15.05,57,0,1.53,IN,2025-01-13
214,port moresby,-9.4431,147.1797,25.3,84,100,1.72,PG,2025-01-13
215,geraldton,-28.7667,114.6,22.23,78,20,7.72,AU,2025-01-13
216,jumla,29.2747,82.1838,-2.82,32,0,2.62,NP,2025-01-13
217,okhotsk,59.3833,143.3,-19.6,84,100,4.26,RU,2025-01-13
218,guarapari,-20.6667,-40.4975,25.37,73,30,3.44,BR,2025-01-13
219,mogocha,53.7333,119.7667,-28.95,96,11,1.45,RU,2025-01-13
220,quellon,-43.1167,-73.6167,14.86,51,100,2.95,CL,2025-01-13
221,lavington,-36.05,146.9333,20.4,94,12,1.96,AU,2025-01-13
222,urengoy,65.9667,78.3667,-11.6,92,100,4.26,RU,2025-01-13
223,tezu,27.9167,96.1667,14.18,59,18,2.06,IN,2025-01-13
224,hobyo,5.3505,48.5268,24.34,80,5,8.85,SO,2025-01-13
225,xuddur,4.1213,43.8894,24.71,32,17,5.38,SO,2025-01-13
226,nemuro,43.3236,145.575,-2.91,81,40,1.0,JP,2025-01-13
227,santiago de cao,-7.9589,-79.2392,22.07,73,40,6.17,PE,2025-01-13
228,santa cruz,-17.8,-63.1667,32.7,55,40,2.57,BO,2025-01-13
229,beledweyne,4.7358,45.2036,27.02,31,54,6.62,SO,2025-01-13
230,dunedin,-45.8742,170.5036,11.51,86,100,3.89,NZ,2025-01-13
231,hilo,19.7297,-155.09,22.84,94,100,1.79,US,2025-01-13
232,santana do livramento,-30.8908,-55.5328,32.28,85,6,4.62,BR,2025-01-13
233,coihueco,-36.6167,-71.8333,29.41,35,0,3.6,CL,2025-01-13
234,flin flon,54.7682,-101.865,-28.09,76,20,1.03,CA,2025-01-13
235,metro,-5.1131,105.3067,24.39,92,100,2.01,ID,2025-01-13
236,mudgee,-32.5943,149.5871,18.9,76,98,1.39,AU,2025-01-13
237,yuzhno-kurilsk,44.0306,145.8556,-4.25,86,96,0.4,RU,2025-01-13
238,el calafate,-50.3408,-72.2768,13.66,45,100,5.03,AR,2025-01-13
239,sangmelima,2.9333,11.9833,26.97,49,100,2.45,CM,2025-01-13
240,llanes,43.4198,-4.7549,8.06,52,100,4.53,ES,2025-01-13
241,tralee,52.2704,-9.7026,10.74,99,100,2.36,IE,2025-01-13
242,sao miguel do araguaia,-13.275,-50.1628,23.59,95,100,4.36,BR,2025-01-13
243,sinabang,2.4803,96.3801,25.67,86,100,3.2,ID,2025-01-13
244,kapa'a,22.0752,-159.319,25.18,96,100,5.66,US,2025-01-13
245,jinshi,29.6049,111.8701,10.99,32,76,2.85,CN,2025-01-13
246,happy valley-goose bay,53.3168,-60.3315,-3.83,68,75,4.12,CA,2025-01-13
247,taulaga,-11.0553,-171.0883,26.31,85,100,2.01,AS,2025-01-13
248,usinsk,65.9939,57.5281,-15.85,97,94,7.0,RU,2025-01-13
249,mount isa,-20.7333,139.5,27.87,65,97,2.57,AU,2025-01-13
250,itupiranga,-5.1347,-49.3267,28.65,70,100,2.07,BR,2025-01-13
251,vila franca do campo,37.7167,-25.4333,18.27,99,100,4.89,PT,2025-01-13
252,ghat,24.9647,10.1728,15.73,34,0,1.8,LY,2025-01-13
253,sarangani,5.4033,125.4636,28.17,75,100,11.43,PH,2025-01-13
254,kodiak,57.79,-152.4072,-0.27,86,0,3.09,US,2025-01-13
255,kiratu,-3.3333,35.6667,18.99,80,100,1.23,TZ,2025-01-13
256,la ronge,55.1001,-105.2842,-21.86,77,20,3.09,CA,2025-01-13
257,porbandar,21.6422,69.6093,17.58,46,0,5.54,IN,2025-01-13
258,kerikeri,-35.2268,173.9474,15.51,93,0,2.54,NZ,2025-01-13
259,pacific grove,36.6177,-121.9166,14.67,65,0,7.6,US,2025-01-13
260,prado,-17.3411,-39.2208,27.71,67,50,5.55,BR,2025-01-13
261,borba,-4.3878,-59.5939,28.36,84,100,1.75,BR,2025-01-13
262,dudinka,69.4058,86.1778,-18.59,94,100,7.41,RU,2025-01-13
263,wailua homesteads,22.0669,-159.378,24.44,96,100,5.66,US,2025-01-13
264,berdigestyakh,62.0989,126.6992,-37.37,100,100,1.2,RU,2025-01-13
265,banmankhi,25.8833,87.1833,15.29,59,0,3.51,IN,2025-01-13
266,vorgashor,67.5833,63.95,-13.3,94,100,8.89,RU,2025-01-13
267,priozersk,61.0393,30.1291,-0.51,89,100,7.82,RU,2025-01-13
268,floro,61.5996,5.0328,7.98,93,75,9.26,NO,2025-01-13
269,lorengau,-2.0226,147.2712,28.01,75,45,3.84,PG,2025-01-13
270,ust'-barguzin,53.45,108.9833,-18.45,93,100,0.91,RU,2025-01-13
271,alto araguaia,-17.3147,-53.2153,25.24,78,100,0.47,BR,2025-01-13
272,jwaneng,-24.6004,24.7303,24.41,58,73,5.53,BW,2025-01-13
273,altay,47.8667,88.1167,-13.61,52,0,3.99,CN,2025-01-13
274,dauphin,51.1494,-100.0502,-24.92,84,0,3.6,CA,2025-01-13
275,namibe,-15.1961,12.1522,21.58,81,39,1.02,AO,2025-01-13
276,chonchi,-42.6128,-73.8092,17.27,39,100,1.13,CL,2025-01-13
277,praia da vitoria,38.7333,-27.0667,18.14,94,75,9.02,PT,2025-01-13
278,grantsville,40.5999,-112.4644,0.31,65,0,2.68,US,2025-01-13
279,mount pearl,47.5166,-52.7813,0.64,93,100,7.2,CA,2025-01-13
280,lazaro cardenas,17.9583,-102.2,27.72,54,7,2.94,MX,2025-01-13
281,tupanatinga,-8.7533,-37.3397,27.45,49,100,2.85,BR,2025-01-13
282,igarka,67.4667,86.5833,-17.49,94,100,5.66,RU,2025-01-13
283,dayr hafir,36.1569,37.7078,11.43,65,7,2.31,SY,2025-01-13
284,tofol,5.3248,163.0078,28.2,74,29,9.82,FM,2025-01-13
285,la mira,18.035,-102.3266,27.86,53,2,3.12,MX,2025-01-13
286,sayula,19.8667,-103.6167,21.72,37,6,2.23,MX,2025-01-13
287,mar del plata,-38.0023,-57.5575,24.41,80,99,7.15,AR,2025-01-13
288,indianola,41.3581,-93.5574,-6.72,60,4,4.02,US,2025-01-13
289,domoni,-12.2569,44.5319,26.51,86,100,6.26,KM,2025-01-13
290,semera,11.501,41.201,22.86,58,6,7.66,ET,2025-01-13
291,tomatlan,19.9333,-105.25,28.73,51,5,3.78,MX,2025-01-13
292,ciudad lazaro cardenas,17.9583,-102.2,27.72,54,7,2.94,MX,2025-01-13
293,sao jose de piranhas,-7.1206,-38.5019,26.56,70,100,2.4,BR,2025-01-13
294,iquique,-20.2208,-70.1431,21.55,74,18,2.28,CL,2025-01-13
295,chabahar,25.2919,60.643,21.82,53,5,2.26,IR,2025-01-13
296,birjand,32.8663,59.2211,4.26,100,75,2.06,IR,2025-01-13
297,illizi,26.4833,8.4667,13.34,43,0,4.16,DZ,2025-01-13
298,savran,48.1322,30.0825,-0.41,72,100,3.91,UA,2025-01-13
299,san antonio de pale,-1.4014,5.6325,26.83,78,100,3.72,GQ,2025-01-13
300,urangan,-25.3,152.9,23.32,87,0,2.69,AU,2025-01-13
301,urucara,-2.5364,-57.76,29.34,65,100,1.7,BR,2025-01-13
302,morondava,-20.2833,44.2833,27.76,82,100,4.26,MG,2025-01-13
303,kharp,66.8014,65.8081,-15.28,93,48,3.9,RU,2025-01-13
304,kingston,17.997,-76.7936,31.76,58,20,3.6,JM,2025-01-13
305,nadi,-17.8,177.4167,23.0,78,20,3.6,FJ,2025-01-13
306,aliveri,38.4167,24.0333,6.9,92,100,6.87,GR,2025-01-13
307,saldanha,-33.0117,17.9442,20.03,88,100,8.76,ZA,2025-01-13
308,kalinagar,28.6167,80.1,11.76,60,0,2.48,IN,2025-01-13
309,alotau,-10.3069,150.4462,25.53,91,100,3.04,PG,2025-01-13
310,nova vicosa,-17.8919,-39.3719,27.31,67,81,4.4,BR,2025-01-13
311,n'zeto,-7.2312,12.8666,26.12,86,100,3.0,AO,2025-01-13
312,vadso,70.0744,29.7487,-0.91,93,75,6.17,NO,2025-01-13
313,beni,0.5,29.4667,18.26,89,100,1.35,CD,2025-01-13
314,glace bay,46.1969,-59.957,-0.57,75,75,2.57,CA,2025-01-13
315,la sarre,48.8002,-79.1996,-4.12,92,100,3.06,CA,2025-01-13
316,salaverry,-8.2333,-78.9667,21.21,82,41,5.06,PE,2025-01-13
317,aykhal,66.0,111.5,-28.37,98,100,4.44,RU,2025-01-13
318,zarinsk,53.7074,84.9493,-22.7,100,96,1.44,RU,2025-01-13
319,nar'yan-mar,67.6713,53.087,-10.2,93,84,6.52,RU,2025-01-13
320,berwick-upon-tweed,55.7833,-2.0,9.23,88,100,10.98,GB,2025-01-13
321,new plymouth,-39.0667,174.0833,12.4,100,21,2.25,NZ,2025-01-13
322,hamilton,39.1834,-84.5333,-0.76,50,0,6.69,US,2025-01-13
323,fale old settlement,-9.3852,-171.2468,26.64,87,100,11.12,TK,2025-01-13
324,kembe,4.6228,21.8865,24.4,26,98,0.72,CF,2025-01-13
325,kongolo,-5.3833,27.0,22.34,92,100,0.79,CD,2025-01-13
326,timimoun,29.2639,0.231,11.21,32,0,2.57,DZ,2025-01-13
327,great bend,38.3645,-98.7648,0.58,63,40,3.09,US,2025-01-13
328,hombourg-haut,49.1236,6.774,-1.75,65,95,3.75,FR,2025-01-13
329,howard springs,-12.497,131.047,25.95,99,100,5.08,AU,2025-01-13
330,nova sintra,14.8667,-24.7167,23.6,64,1,3.38,CV,2025-01-13
331,ilha de mocambique,-15.0342,40.7358,24.93,91,100,16.36,MZ,2025-01-13
332,sitia,35.2,26.0986,15.04,82,20,3.88,GR,2025-01-13
333,krasnoarmeyskoye,52.7182,50.0322,-0.88,94,100,4.4,RU,2025-01-13
334,caala,-12.8525,15.5606,18.74,95,100,0.63,AO,2025-01-13
335,narsinghgarh,23.7,77.1,10.77,65,0,2.16,IN,2025-01-13
336,kismayo,-0.3582,42.5454,25.01,79,13,9.45,SO,2025-01-13
337,codrington,-38.2667,141.9667,13.95,95,10,3.16,AU,2025-01-13
338,villa gesell,-37.2639,-56.973,24.86,55,99,10.87,AR,2025-01-13
339,plettenberg bay,-34.0527,23.3716,19.92,87,48,1.08,ZA,2025-01-13
340,at taj,24.2049,23.2857,16.03,27,92,3.67,LY,2025-01-13
341,katsuura,35.1333,140.3,9.56,56,75,3.99,JP,2025-01-13
342,al minya,28.1099,30.7503,16.54,43,100,3.16,EG,2025-01-13
343,prince rupert,54.3161,-130.3201,7.83,86,100,10.29,CA,2025-01-13
344,agas,46.4833,26.2167,-6.1,97,92,0.85,RO,2025-01-13
345,mathba,22.2855,89.9629,17.04,52,0,1.62,BD,2025-01-13
346,barra do corda,-5.5,-45.25,26.73,87,98,1.96,BR,2025-01-13
347,serres,41.0856,23.5497,0.37,95,100,0.79,GR,2025-01-13
348,kavieng,-2.5744,150.7967,28.63,69,88,5.36,PG,2025-01-13
349,labrador city,52.9463,-66.9114,-15.05,85,75,3.09,CA,2025-01-13
350,baikonur,45.6167,63.3167,-4.71,85,5,3.82,KZ,2025-01-13
351,belmonte,-15.8631,-38.8828,26.97,76,42,4.41,BR,2025-01-13
352,cabedelo,-6.9811,-34.8339,29.37,76,68,3.88,BR,2025-01-13
353,lexington,37.9887,-84.4777,1.0,55,0,5.14,US,2025-01-13
354,malango,-2.9627,119.9001,19.1,97,98,1.01,ID,2025-01-13
355,conceicao do araguaia,-8.2578,-49.2647,24.98,90,100,1.33,BR,2025-01-13
356,karungdong,5.8844,121.263,25.88,83,71,1.79,PH,2025-01-13
357,idaho falls,43.4666,-112.0341,-5.95,79,100,3.09,US,2025-01-13
358,shalqar,47.8333,59.6,-9.92,94,70,2.02,KZ,2025-01-13
359,tual,-5.6667,132.75,28.72,73,100,3.67,ID,2025-01-13
360,bairnsdale,-37.8333,147.6167,17.81,96,1,0.81,AU,2025-01-13
361,bodo,67.28,14.405,5.43,96,75,18.01,NO,2025-01-13
362,pregradnaya,43.9508,41.1994,3.13,95,100,1.81,RU,2025-01-13
363,laguna,38.421,-121.4238,13.04,44,0,7.72,US,2025-01-13
364,bangor,54.6534,-5.669,12.73,95,100,4.63,GB,2025-01-13
365,guerrero negro,27.9769,-114.0611,18.84,21,10,1.79,MX,2025-01-13
366,sanctuary point,-35.1114,150.629,19.89,93,66,2.19,AU,2025-01-13
367,lata,40.1629,-8.3327,6.04,50,100,2.63,PT,2025-01-13
368,hasaki,35.7333,140.8333,7.89,47,60,2.58,JP,2025-01-13
369,mbanza-ngungu,-5.25,14.8667,20.94,95,100,1.57,CD,2025-01-13
370,mandalgovi,45.7625,106.2708,-20.68,96,9,3.36,MN,2025-01-13
371,thinadhoo,0.5333,72.9333,26.84,78,66,4.67,MV,2025-01-13
372,manadhoo,5.7667,73.3833,27.28,75,100,2.35,MV,2025-01-13
373,luis correia,-2.8792,-41.6669,30.0,70,75,7.2,BR,2025-01-13
374,san juan de miraflores,-12.1629,-76.9635,24.29,75,95,4.12,PE,2025-01-13
375,brisas de zicatela,15.8369,-97.0419,31.29,58,40,5.14,MX,2025-01-13
376,tafuna,-14.3358,-170.72,27.97,74,40,0.0,AS,2025-01-13
377,bonthe,7.5264,-12.505,25.53,70,82,4.03,SL,2025-01-13
378,urzhar,47.093,81.6294,-11.4,69,1,2.68,KZ,2025-01-13
379,temirlanovka,42.5994,69.2633,0.6,53,0,2.65,KZ,2025-01-13
380,ulladulla,-35.35,150.4667,20.01,88,64,2.39,AU,2025-01-13
381,plasencia,40.0312,-6.0885,3.21,52,46,1.95,ES,2025-01-13
382,cururupu,-1.8283,-44.8683,24.84,92,75,1.71,BR,2025-01-13
383,altai,46.3722,96.2583,-22.93,77,0,1.65,MN,2025-01-13
384,touros,-5.1989,-35.4608,26.15,83,99,3.17,BR,2025-01-13
385,bonny,4.4522,7.1681,27.73,80,34,5.52,NG,2025-01-13
386,la passe,45.5549,-0.8967,1.28,72,1,5.67,FR,2025-01-13
387,hammerfest,70.6634,23.6821,1.25,86,75,2.06,NO,2025-01-13
388,st. john's,47.5649,-52.7093,1.1,91,100,7.2,CA,2025-01-13
389,nikel,69.4128,30.222,-1.61,97,100,4.86,RU,2025-01-13
390,baotou,40.6522,109.8222,-11.16,59,5,4.37,CN,2025-01-13
391,vredefort,-27.0081,27.3646,18.19,84,0,5.78,ZA,2025-01-13
392,crucecita,-28.95,-58.9833,36.34,16,79,2.54,AR,2025-01-13
393,havre,49.5833,0.3333,-0.13,86,100,2.57,FR,2025-01-13
394,nakamura,32.9833,132.9333,0.62,90,4,0.96,JP,2025-01-13
395,shingu,33.7333,135.9833,2.58,85,1,2.81,JP,2025-01-13
396,polyarnyy,69.1989,33.4478,-2.22,90,100,8.55,RU,2025-01-13
397,pimentel,-6.8367,-79.9342,28.16,47,0,8.75,PE,2025-01-13
398,ishigaki,24.3448,124.1572,18.07,68,100,6.17,JP,2025-01-13
399,forster,-32.1667,152.5167,18.54,100,100,3.02,AU,2025-01-13
400,cambuci,-21.5753,-41.9111,24.62,86,96,2.38,BR,2025-01-13
401,paungde,18.4833,95.5,18.22,69,5,1.98,MM,2025-01-13
402,spring creek,40.7266,-115.5859,-1.22,56,15,2.4,US,2025-01-13
403,vung tau,10.346,107.0843,23.99,73,100,2.13,VN,2025-01-13
404,lerwick,60.1545,-1.1494,9.69,89,74,12.23,GB,2025-01-13
405,greenville,35.6127,-77.3663,11.19,46,0,2.06,US,2025-01-13
406,buckie,57.6757,-2.9624,10.88,86,92,4.74,GB,2025-01-13
407,giubiasco,46.1725,9.0079,1.83,76,4,1.87,CH,2025-01-13
408,kone,-21.0595,164.8658,24.03,84,100,1.96,NC,2025-01-13
409,crane,31.3974,-102.3501,10.25,35,0,5.39,US,2025-01-13
410,pahrump,36.2083,-115.9839,9.03,25,0,0.89,US,2025-01-13
411,tarauaca,-8.1614,-70.7656,26.69,91,100,1.9,BR,2025-01-13
412,baukau,51.5526,7.2042,-1.31,86,56,1.34,DE,2025-01-13
413,ouesso,1.6136,16.0517,24.62,30,97,0.7,CG,2025-01-13
414,midvagur,62.0511,-7.1939,8.46,93,100,2.57,FO,2025-01-13
415,fray bentos,-33.1325,-58.2956,35.65,17,0,4.3,UY,2025-01-13
416,nizhniy kuranakh,58.8353,125.4869,-38.28,100,90,1.74,RU,2025-01-13
417,ghanzi,-21.5667,21.7833,27.56,45,100,5.44,BW,2025-01-13
418,yemva,62.59,50.8594,-19.62,100,52,1.27,RU,2025-01-13
419,ghadamis,30.1337,9.5007,8.43,39,0,4.09,LY,2025-01-13
420,naxos,37.1056,25.3764,14.61,39,100,8.05,GR,2025-01-13
421,abeche,13.8292,20.8324,21.63,20,0,2.98,TD,2025-01-13
422,walvis bay,-22.9575,14.5053,19.53,72,1,2.57,,2025-01-13
423,agat village,13.3886,144.6585,26.53,87,0,4.12,GU,2025-01-13
424,campo gallo,-26.5833,-62.85,36.0,17,45,1.82,AR,2025-01-13
425,eket,4.6412,7.9209,27.25,79,86,4.57,NG,2025-01-13
426,punto fijo,11.6956,-70.1996,28.58,59,84,11.16,VE,2025-01-13
427,yashan,22.1975,109.9419,15.24,76,100,0.39,CN,2025-01-13
428,nantucket,41.2835,-70.0995,5.06,56,100,7.2,US,2025-01-13
429,new norfolk,-42.7826,147.0587,14.95,95,100,0.92,AU,2025-01-13
430,pontes e lacerda,-15.2261,-59.3353,26.93,89,55,1.62,BR,2025-01-13
431,remire-montjoly,4.9167,-52.2667,30.02,66,75,5.66,GF,2025-01-13
432,dharchula,29.85,80.5333,1.57,15,0,3.71,IN,2025-01-13
433,puerto aysen,-45.4,-72.7,16.32,44,82,3.21,CL,2025-01-13
434,bogale,16.2833,95.4,19.72,84,16,2.85,MM,2025-01-13
435,inyonga,-6.7167,32.0667,20.28,86,100,1.44,TZ,2025-01-13
436,hotan,37.0997,79.9269,-2.61,41,0,0.79,CN,2025-01-13
437,inarajan village,13.2736,144.7484,26.55,87,7,7.23,GU,2025-01-13
438,mogadishu,2.0371,45.3438,24.61,83,4,10.34,SO,2025-01-13
439,saurimo,-9.6608,20.3916,21.49,82,100,1.55,AO,2025-01-13
440,valle aurina - ahrntal,46.9962,11.9799,-9.06,33,9,2.91,IT,2025-01-13
441,nuku'alofa,-21.1333,-175.2,23.19,94,40,2.06,TO,2025-01-13
442,jijiga,9.35,42.8,15.32,59,4,4.81,ET,2025-01-13
443,mahibadhoo,3.7833,72.9667,25.67,82,100,1.91,MV,2025-01-13
444,"laikit, laikit ii (dimembe)",1.4792,124.9735,22.39,97,100,0.18,ID,2025-01-13
445,djamaa,33.5339,5.9931,9.78,62,78,5.23,DZ,2025-01-13
446,lagos,6.5833,3.75,26.09,74,72,3.09,NG,2025-01-13
447,talcahuano,-36.7167,-73.1167,21.82,46,0,6.69,CL,2025-01-13
448,smidovich,48.6,133.8167,-19.39,97,100,1.01,RU,2025-01-13
449,allendale,42.9723,-85.9537,-6.96,80,100,6.71,US,2025-01-13
450,port lavaca,28.615,-96.6261,16.03,55,0,5.66,US,2025-01-13
451,boa vista,2.8197,-60.6733,32.99,33,40,6.17,BR,2025-01-13
452,natchez,31.5604,-91.4032,12.69,54,0,6.17,US,2025-01-13
453,novohrad-volynskyi,50.5941,27.6165,-3.57,90,89,3.69,UA,2025-01-13
454,alice springs,-23.7,133.8833,23.75,27,16,2.57,AU,2025-01-13
455,san jose del cabo,23.0589,-109.6977,22.86,39,0,6.69,MX,2025-01-13
456,vuktyl,63.8567,57.3094,-19.08,99,95,2.39,RU,2025-01-13
457,xucheng,20.35,110.1288,17.72,90,100,5.57,CN,2025-01-13
458,saint-joseph,-21.3667,55.6167,26.21,76,34,1.91,RE,2025-01-13
459,haiku-pauwela,20.9219,-156.3051,25.09,77,0,6.17,US,2025-01-13
460,minas de marcona,-15.2119,-75.1103,21.54,63,52,6.22,PE,2025-01-13
461,alofi,-19.0595,-169.9187,24.94,83,40,1.54,NU,2025-01-13
462,marsh harbour,26.5412,-77.0636,22.0,65,0,2.82,BS,2025-01-13
463,kristiansund,63.1115,7.732,9.36,76,75,7.2,NO,2025-01-13
464,copala,16.65,-98.9833,27.7,54,1,2.45,MX,2025-01-13
465,hanzhong,33.0728,107.0303,7.32,50,100,0.44,CN,2025-01-13
466,tateyama,34.9833,139.8667,10.04,59,88,2.33,JP,2025-01-13
467,harper,4.375,-7.7169,26.76,82,96,3.71,LR,2025-01-13
468,gaoping,30.7758,106.1029,9.45,75,100,2.44,CN,2025-01-13
469,andkhoy,36.9529,65.1238,7.32,45,52,3.76,AF,2025-01-13
470,port-vila,-17.7338,168.3219,20.78,100,20,0.51,VU,2025-01-13
471,safotu,-13.4513,-172.4018,27.49,74,99,4.39,WS,2025-01-13
472,wynyard,-41.0,145.7167,17.88,92,82,4.02,AU,2025-01-13
473,nusaybin,37.0778,41.2178,9.27,59,55,1.8,TR,2025-01-13
474,arraial do cabo,-22.9661,-42.0278,24.98,73,75,3.09,BR,2025-01-13
475,port hedland,-20.3167,118.5667,29.03,70,100,2.57,AU,2025-01-13
476,zacualtipan,20.65,-98.6,11.76,89,92,1.96,MX,2025-01-13
477,suva,-18.1416,178.4415,21.71,94,40,2.57,FJ,2025-01-13
478,horta,38.5333,-28.6333,18.8,95,75,11.62,PT,2025-01-13
479,mugia,43.1041,-9.2179,8.84,54,41,3.96,ES,2025-01-13
480,carutapera,-1.195,-46.02,26.79,75,52,5.02,BR,2025-01-13
481,thohoyandou,-22.9456,30.485,18.67,96,100,1.55,ZA,2025-01-13
482,luderitz,-26.6481,15.1594,18.41,77,0,8.45,,2025-01-13
483,falenki,58.3613,51.5946,-8.47,99,89,1.61,RU,2025-01-13
484,port saint john's,-31.6229,29.5448,22.23,83,96,3.86,ZA,2025-01-13
485,aneho,6.2333,1.6,27.13,81,20,4.38,TG,2025-01-13
486,hauterive,46.0901,3.4459,-3.16,73,0,0.72,FR,2025-01-13
487,eyl,7.9803,49.8164,22.85,74,6,9.12,SO,2025-01-13
488,san cristobal,7.7669,-72.225,25.74,47,19,1.35,VE,2025-01-13
489,hinton,53.4001,-117.5857,0.69,80,100,2.91,CA,2025-01-13
490,cherepovets,59.1333,37.9,-12.1,85,75,4.0,RU,2025-01-13
491,balabac,7.9868,117.0645,27.1,83,100,8.77,PH,2025-01-13
492,alo,6.5486,4.2686,25.92,78,76,3.91,NG,2025-01-13
493,chengdu,30.6667,104.0667,7.94,93,20,2.0,CN,2025-01-13
494,salaqi,40.5414,110.5108,-10.35,53,0,2.93,CN,2025-01-13
495,soanierana ivongo,-16.9167,49.5833,25.0,93,100,2.1,MG,2025-01-13
496,poronaysk,49.2167,143.1167,-13.63,98,100,2.79,RU,2025-01-13
497,palmer,42.1584,-72.3287,4.75,50,75,2.57,US,2025-01-13
498,bamboo flat,11.7,92.7167,26.05,78,40,2.06,IN,2025-01-13
499,arno,60.1167,18.6333,4.03,93,100,8.48,SE,2025-01-13
500,ke-macina,13.9623,-5.3572,26.01,13,26,2.74,ML,2025-01-13
501,fort st. john,56.2499,-120.8529,2.94,56,75,12.35,CA,2025-01-13
502,preobrazheniye,42.9019,133.9064,-6.36,55,12,4.19,RU,2025-01-13
503,lluta,-16.0147,-72.0142,11.59,59,95,4.97,PE,2025-01-13
504,al qitena,14.8648,32.3668,23.38,26,8,4.78,SD,2025-01-13
505,vikarabad,17.3333,77.9,19.84,58,21,3.83,IN,2025-01-13
506,sitka,57.0531,-135.33,7.94,61,75,6.69,US,2025-01-13
507,santana,-0.0583,-51.1817,32.1,62,20,6.69,BR,2025-01-13
508,zhaoyuan,37.3592,120.3964,-1.25,71,2,0.98,CN,2025-01-13
509,pizarro,4.9533,-77.366,27.85,74,45,3.2,CO,2025-01-13
510,torghay,49.6339,63.4981,-13.1,91,98,1.43,KZ,2025-01-13
511,kemijarvi,66.7131,27.4306,0.12,96,100,8.7,FI,2025-01-13
512,chibougamau,49.9168,-74.3659,-10.21,92,100,0.0,CA,2025-01-13
513,klaksvik,62.2266,-6.589,8.29,84,98,12.44,FO,2025-01-13
514,navia,43.5354,-6.7194,4.55,85,100,1.92,ES,2025-01-13
515,champerico,14.3,-91.9167,28.86,66,0,5.29,GT,2025-01-13
516,salahonda,2.1019,-78.7217,25.95,85,97,7.13,CO,2025-01-13
517,wangqing,43.3218,129.7634,-11.77,96,89,0.64,CN,2025-01-13
518,boyolangu,-8.1181,111.8935,24.52,92,100,0.43,ID,2025-01-13
519,speichersdorf,49.8833,11.7833,-3.97,88,48,1.48,DE,2025-01-13
520,howrah,22.5892,88.3103,18.0,82,0,0.0,IN,2025-01-13
521,london,51.5085,-0.1257,5.06,84,100,2.68,GB,2025-01-13
522,mocorito,25.4833,-107.9167,27.23,25,0,1.24,MX,2025-01-13
523,puerto baquerizo moreno,-0.9,-89.6,26.55,74,100,6.69,EC,2025-01-13
524,pyu,18.4833,96.4333,16.56,75,14,0.48,MM,2025-01-13
525,cooma,-36.2333,149.1333,14.93,93,71,1.52,AU,2025-01-13
526,galesong,-5.3166,119.3661,26.29,84,98,2.28,ID,2025-01-13
527,kununurra,-15.7667,128.7333,25.99,94,100,2.57,AU,2025-01-13
528,bunia,1.5667,30.25,20.52,49,92,1.66,CD,2025-01-13
529,broken hill,-31.95,141.4333,22.9,39,0,5.97,AU,2025-01-13
530,undurkhaan,47.3194,110.6556,-15.28,46,1,8.0,MN,2025-01-13
531,nanma,36.1817,118.1583,0.72,50,4,1.08,CN,2025-01-13
532,san andres,12.5847,-81.7006,30.01,66,20,6.17,CO,2025-01-13
533,saipan,15.1355,145.701,27.03,84,33,5.81,MP,2025-01-13
534,douentza,14.9951,-2.9517,22.95,13,81,1.86,ML,2025-01-13
535,mukalla,14.5425,49.1242,21.92,71,0,2.52,YE,2025-01-13
536,mil'kovo,55.6078,37.7956,-2.27,73,97,3.5,RU,2025-01-13
537,port macquarie,-31.4333,152.9167,19.48,98,100,0.89,AU,2025-01-13
538,aasiaat,68.7098,-52.8699,-30.36,100,94,2.13,GL,2025-01-13
539,belyy yar,53.6039,91.3903,-18.06,92,88,2.0,RU,2025-01-13
540,mejit,10.2753,170.8646,26.28,74,100,11.45,MH,2025-01-13
541,beaconsfield,45.4334,-73.8659,-1.72,95,100,3.09,CA,2025-01-13
542,rockford,42.2711,-89.094,-7.95,45,0,7.2,US,2025-01-13
543,san marcos,33.1434,-117.1661,19.1,18,0,3.6,US,2025-01-13
544,fukuecho,32.6881,128.8419,9.63,60,30,3.22,JP,2025-01-13
545,ta`u,-14.2336,-169.5144,26.73,69,42,2.31,AS,2025-01-13
546,palikir - national government center,6.9248,158.1611,27.41,74,75,3.09,FM,2025-01-13
547,inhambane,-23.865,35.3833,26.99,94,75,1.54,MZ,2025-01-13
548,coquimbo,-29.9533,-71.3436,19.99,67,7,3.36,CL,2025-01-13
549,nazca,-14.8333,-74.95,27.93,50,57,3.44,PE,2025-01-13
550,fortuna,40.5982,-124.1573,12.74,70,0,2.06,US,2025-01-13
551,shimo-furano,43.35,142.3833,-4.09,95,99,1.27,JP,2025-01-13
552,pangai,-19.8,-174.35,25.06,78,40,2.57,TO,2025-01-13
553,magong,23.5654,119.5863,16.85,75,4,8.07,TW,2025-01-13
554,reyes,-14.3167,-67.3833,31.98,62,40,2.06,BO,2025-01-13
555,pisco,-13.7,-76.2167,26.03,65,0,3.09,PE,2025-01-13
556,masterton,-40.9597,175.6575,13.99,67,13,4.2,NZ,2025-01-13
557,ilebo,-4.3167,20.5833,24.57,83,100,0.17,CD,2025-01-13
558,pangoa,-12.1167,-73.0,25.1,91,100,1.45,PE,2025-01-13
559,sumy,50.9216,34.8003,-2.26,80,41,3.15,UA,2025-01-13
560,rio gallegos,-51.6226,-69.2181,20.03,21,0,8.75,AR,2025-01-13
561,sao vicente,-23.9631,-46.3919,26.1,26,1,2.24,BR,2025-01-13
562,trondheim,63.4305,10.3951,8.88,82,100,1.34,NO,2025-01-13
563,albertina,-22.2008,-46.6158,22.83,77,7,2.88,BR,2025-01-13
